{
  "query": "design system",
  "metrics": {
    "precision": {
      "precision@5": 0.6
    },
    "recall": {
      "recall@5": 0.6
    },
    "ndcg": {
      "ndcg@5": 0.7688137601608829
    },
    "mrr": 0.3333333333333333
  }
}