{
  "query": "hud",
  "metrics": {
    "precision": {
      "precision@5": 0.6
    },
    "recall": {
      "recall@5": 0.6
    },
    "ndcg": {
      "ndcg@5": 0.6523498461018756
    },
    "mrr": 0.1111111111111111
  }
}