{
  "query": "poker online",
  "metrics": {
    "precision": {
      "precision@5": 0.6
    },
    "recall": {
      "recall@5": 0.6
    },
    "ndcg": {
      "ndcg@5": 0.701908849983365
    },
    "mrr": 0.16666666666666666
  }
}