{
  "query": "tennis lessons",
  "metrics": {
    "precision": {
      "precision@5": 0.4
    },
    "recall": {
      "recall@5": 0.4
    },
    "ndcg": {
      "ndcg@5": 0.5059171995859988
    },
    "mrr": 0.16666666666666666
  }
}