{
  "query": "windows",
  "metrics": {
    "precision": {
      "precision@5": 0.8
    },
    "recall": {
      "recall@5": 0.8
    },
    "ndcg": {
      "ndcg@5": 0.738666168134728
    },
    "mrr": 0.16666666666666666
  }
}